Time (s),ESC (µs),Servo (µs),Torque (N·m),Thrust (kgf),Voltage (V),Current (A),Motor Optical Speed (RPM),Electrical Power (W),Mechanical Power (W),Motor Efficiency (%),Propeller Mech. Efficiency (kgf/W),Overall Efficiency (kgf/W),Load Cell 0 (raw),Load Cell 1 (raw),Load Cell 2 (raw),Load Cell 3 (raw),Load Cell 4 (raw),Load Cell 5 (raw),Burst Current Cutoff (A),Pin State 1,Pin State 2,Pin State 3,Pin State 4,Debug 0,Debug 1,Debug 2,Debug 3,App message,
0.272377249999973,1000,,0.004263781284210483,-0.03273348338998246,24.22381410104747,0.05864703491360042,0,1.4206548827957612,0,0,0,0,-0.12194758653640747,-0.032146841287612915,-0.025829517841339113,-0.010668593645095825,-0.006769299507141113,-0.0005837619304656982,0.06203021321854409,0,0,0,0,0,0,0,0,,
0.2845422500000452,1000,,0.0041707005435040355,-0.033110981411307264,24.223901253669112,0.05838770247484206,0,1.4143779180810978,0,0,0,0,-0.12192582488059997,-0.032152867317199706,-0.02585882544517517,-0.010670369863510132,-0.006776636838912964,-0.0005743384361267089,0.061424948234836206,0,0,0,0,0,0,0,0,,
0.8603607500000392,1000,,0.004114363950534564,-0.03319036728657991,24.22408401218614,0.057670204184077034,0,1.397007889875494,0,0,0,0,-0.12194908261299134,-0.03213685750961304,-0.02585286498069763,-0.010689592361450196,-0.006770414113998413,-0.0005847454071044922,0.060789389948537643,0,0,0,0,0,0,0,0,,
1.426664000000042,1000,,0.004220516679436426,-0.03282307509725955,24.22419447281747,0.05748305553779094,0,1.3924807134450705,0,0,0,0,-0.12194684147834778,-0.03214144706726074,-0.025833559036254884,-0.0106842041015625,-0.006774115562438965,-0.0005696594715118408,0.06027302886106027,0,0,0,0,0,0,0,0,,
1.990389500000037,1000,,0.004288673214057714,-0.032535137883935805,24.224338659088566,0.05579117178050223,0,1.3515042118624867,0,0,0,0,-0.1219328761100769,-0.03212980031967163,-0.0258350670337677,-0.010689550638198852,-0.006761527061462403,-0.0005654335021972656,0.059616212086420185,0,0,0,0,0,0,0,0,,
2.530523500000057,1000,,0.0043024596437331334,-0.03267760103531545,24.22444336118507,0.05723677121128716,0,1.3865289474530818,0,0,0,0,-0.12193130254745484,-0.032122641801834106,-0.025843936204910278,-0.01069536805152893,-0.006772834062576294,-0.0005603790283203125,0.059154310178624124,0,0,0,0,0,0,0,0,,
3.095442000000033,1000,,0.0042712331077493,-0.032708058443038215,24.22445938762676,0.056291053083146414,0,1.3636203233715212,0,0,0,0,-0.12193025350570678,-0.0321256697177887,-0.025824832916259765,-0.010709285736083984,-0.006779205799102783,-0.0005617618560791015,0.058753221131912906,0,0,0,0,0,0,0,0,,
3.6565897500000433,1000,,0.0042981049918046545,-0.03283965948314933,24.224544172189532,0.05644891597623218,0,1.367449253198753,0,0,0,0,-0.12193693518638611,-0.0321136474609375,-0.025841718912124632,-0.01070205569267273,-0.006780892610549927,-0.0005592942237854004,0.05836563056850632,0,0,0,0,0,0,0,0,,
4.222457750000024,1000,,0.004283587345419818,-0.03285077637375562,24.224686717519848,0.05565218103664736,0,1.348156665478735,0,0,0,0,-0.12193217873573303,-0.032138478755950925,-0.02582777142524719,-0.010701560974121093,-0.0067796409130096436,-0.0005584776401519776,0.057942192415764385,0,0,0,0,0,0,0,0,,
4.785241250000055,1000,,0.004227689302943996,-0.03282683065455978,24.224892388303257,0.058255729915360745,0,1.4112388132062978,0,0,0,0,-0.12193248271942139,-0.0321273684501648,-0.02583966255187988,-0.010717928409576416,-0.006770950555801391,-0.0005437016487121582,0.057886571165591635,0,0,0,0,0,0,0,0,,
5.343923500000051,1000,,0.004218254050776002,-0.03297555421792242,24.224924893382305,0.05874809467715111,0,1.4231681788719794,0,0,0,0,-0.12193819880485535,-0.032134002447128295,-0.025832682847976685,-0.010724139213562012,-0.006785839796066284,-0.0005404114723205567,0.05803895328725741,0,0,0,0,0,0,0,0,,
5.895207750000053,1000,,0.004169422165404521,-0.032979687106291664,24.22507549850777,0.060490753000520335,0,1.4653930327402513,0,0,0,0,-0.12194834351539612,-0.03212981224060059,-0.02585170269012451,-0.010729366540908813,-0.006775414943695069,-0.0005346834659576416,0.058385987694816864,0,0,0,0,0,0,0,0,,
6.463553250000038,1000,,0.004168173907005307,-0.03292251139219533,24.225181612390337,0.058382669077120884,0,1.4143307713147606,0,0,0,0,-0.12193370461463929,-0.03213844299316406,-0.025835126638412476,-0.010733997821807862,-0.006772065162658691,-0.0005195081233978271,0.058425368044416316,0,0,0,0,0,0,0,0,,
7.003753750000044,1000,,0.004267622539694552,-0.03282135893127465,24.22528235022113,0.05700975806916625,0,1.3810774346247023,0,0,0,0,-0.12194215059280396,-0.03213405013084412,-0.02583630084991455,-0.01073923110961914,-0.0067638993263244625,-0.0005312502384185791,0.05831583259568287,0,0,0,0,0,0,0,0,,
7.560053250000044,1000,,0.0040211449699445925,-0.03284622931090457,24.2253731016065,0.05590792820397972,0,1.3543904394852027,0,0,0,0,-0.12192923426628113,-0.032141643762588504,-0.025826281309127806,-0.010741668939590453,-0.006770998239517212,-0.0005340158939361572,0.05787258919968861,0,0,0,0,0,0,0,0,,
8.134981500000034,1000.0330166666666,,0.004078438716029345,-0.032703435747793906,24.225498457197936,0.05640157225936906,0,1.3663561903477788,0,0,0,0,-0.12193372845649719,-0.03212839961051941,-0.02583457827568054,-0.010753852128982545,-0.006766223907470703,-0.000528794527053833,0.05764661069230979,0,0,0,0,0,0,0,0,,
8.700394500000058,1010.6495249999992,,0.0040867740216297575,-0.03293745820012193,24.225635850993164,0.05781747074568029,0,1.4006649923467678,0,0,0,0,-0.12193406820297241,-0.03214346766471863,-0.025853878259658812,-0.0107599139213562,-0.006791597604751587,-0.0005219042301177979,0.05759650015612999,0,0,0,0,0,0,0,0,,
9.25866500000003,1029.276566666666,,0.00409125375083009,-0.03330669715427341,24.22568627178979,0.057476401671748736,0,1.3924052734582146,0,0,0,0,-0.12193617820739747,-0.032134455442428586,-0.02584988474845886,-0.010752737522125244,-0.006779515743255615,-0.0005313575267791748,0.0576179992766495,0,0,0,0,0,0,0,0,,
9.87193025000004,1049.7136166666655,,0.003972373243251318,-0.03335668951985371,24.225820533212,0.05790034424067232,0,1.4026833551287199,0,0,0,0,-0.12194944024085999,-0.03215104341506958,-0.025840097665786745,-0.010773491859436036,-0.00679972767829895,-0.000512021780014038,0.057632223794908455,0,0,0,0,0,0,0,0,,
10.429369750000038,1068.2875083333333,,0.004018821911827808,-0.03317693604207874,24.225880283224274,0.058611714272905034,0,1.4199203668900628,0,0,0,0,-0.12195115089416504,-0.032129871845245364,-0.025838249921798707,-0.010762512683868408,-0.006781905889511108,-0.0005217313766479493,0.05778439235362104,0,0,0,0,0,0,0,0,,
10.991917500000051,1087.0296999999991,,0.004248879906550038,-0.033169495998674116,24.22606979542298,0.05743947144111476,0,1.391532646345445,0,0,0,0,-0.12194321751594543,-0.03212799429893494,-0.025831973552703856,-0.010759687423706055,-0.006785053014755249,-0.0005057454109191895,0.05776526496155676,0,0,0,0,0,0,0,0,,
11.554875250000041,1105.8095749999998,,0.004121443919049272,-0.03309836037404699,24.22629184839141,0.05914129389771888,0,1.4327742640248615,0,0,0,0,-0.12193395495414734,-0.0321179449558258,-0.025847041606903078,-0.01076933741569519,-0.006781423091888427,-0.0005275964736938477,0.05791091812400588,0,0,0,0,0,0,0,0,,
12.10671925000006,1124.2025083333322,,0.004123925397402634,-0.03334897420020642,24.22635105495383,0.05939746374859323,0,1.438983790379467,0,0,0,0,-0.12194321751594543,-0.032131916284561156,-0.025838559865951537,-0.010772216320037841,-0.0067809224128723145,-0.000511234998703003,0.058190891392899825,0,0,0,0,0,0,0,0,,
12.708710500000056,1144.3005416666665,,0.004189563354138457,-0.033260858090859546,24.226036881618548,0.06980152223906518,0,1.6910138310544531,0,0,0,0,-0.12194858193397522,-0.03213582634925842,-0.025831371545791626,-0.01075747013092041,-0.006783294677734375,-0.0005061864852905273,0.05951969614585606,0,0,0,0,0,0,0,0,,
13.256107250000037,1162.5360749999993,,-0.03508111339419211,-0.030489158091197545,24.222142017242973,0.17775046259633517,0,4.3049316915546765,0.0015360520987694924,0.016521121679433447,1.284261231021206,0.0007039353758422714,-0.12175171375274658,-0.03560616970062256,-0.025656086206436158,-0.014229893684387207,-0.006560605764389038,-0.004148036241531372,0.07015015623894272,0.05,0,0,0,0,0,0,0,,
13.810177000000056,1180.9823749999991,,-0.09274086765757786,0.032792260555024356,24.212017391973067,0.43294549909830715,584,10.48240115701813,5.021106548795681,49.825342827000426,0.12179392004727001,0.0035660318266229818,-0.1202163815498352,-0.03502049446105957,-0.024124282598495483,-0.013576191663742066,-0.005120670795440674,-0.0034812450408935546,0.12723974011994438,0,0,0,0,0,0,0,0,,
14.35020425000005,1199.0279749999995,,-0.054978862342284975,0.08786337014742789,24.211064512785857,0.4505741119264061,855,10.908843511351009,4.927605293539125,45.178997788474184,0.017749645839688445,0.008014566974052232,-0.11933059096336365,-0.03451233506202698,-0.023443335294723512,-0.013090705871582032,-0.004338705539703369,-0.003100806474685669,0.1741078389360947,0.15,0,0,0,0,0,0,0,,
14.893218750000054,1217.1005166666662,,-0.06529185359102885,0.13501060749845098,24.20650434333293,0.5633293927316505,987,13.636181144181652,6.760034008867606,49.481164817046,0.019950684661255203,0.009875174151080707,-0.1183888077735901,-0.03506721258163452,-0.022623705863952636,-0.013573914766311646,-0.003466796875,-0.003713369369506836,0.23156259160193232,0.15,0,0,0,0,0,0,0,,
15.472203000000045,1236.3913083333325,,-0.07990777464793283,0.1909037894371588,24.200253798484614,0.7162490347294594,1127,17.33331613063334,9.446093379772126,54.44031326976989,0.020198967217101592,0.010997165377922379,-0.11732186675071717,-0.03554508090019226,-0.02160297632217407,-0.014253002405166627,-0.002347797155380249,-0.004368436336517334,0.30641107896803815,0.1,0,0,0,0,0,0,0,,
16.007951750000036,1254.2946499999991,,-0.0958013160501883,0.25141047239525705,24.192880307003286,0.8980135985742035,1254,21.72541443599754,12.599448380062963,57.92409706591481,0.019966101066137845,0.011563171725734313,-0.11618832349777222,-0.036340975761413576,-0.02034848928451538,-0.01487695574760437,-0.0012862980365753174,-0.005050176382064819,0.39236788339433015,0.05,0,0,0,0,0,0,0,,
16.54663650000004,1272.2050083333322,,-0.11329589275357041,0.3203523210825667,24.184201645572948,1.111540590807312,1383,26.88148597954544,16.43378845040518,61.07315787276093,0.01951562395482908,0.011916357765939755,-0.11492886543273925,-0.037586134672164914,-0.01883842349052429,-0.015126836299896241,-0.00020009279251098633,-0.005360394716262817,0.4973136438760696,0.1,0,0,0,0,0,0,0,,
17.10678350000003,1290.8796916666663,,-0.13183980887682642,0.400424635261734,24.17416914551274,1.3540834867775848,1511,32.73357556008278,20.88835905243448,63.77812750960534,0.01918837814879001,0.012236339844510368,-0.11331200003623962,-0.03780766129493714,-0.0177096426486969,-0.016229480504989624,0.0014474153518676757,-0.006773412227630615,0.6275329695633565,0.05,0,0,0,0,0,0,0,,
17.645079750000036,1308.8476333333329,,-0.1526373254048417,0.48341628606077425,24.16262503135098,1.6329500900774736,1638,39.456086432627714,26.203266330436698,66.40694793421832,0.018451122931009874,0.012252668644951437,-0.11189118027687073,-0.03869951367378235,-0.016017353534698485,-0.01702042818069458,0.002981400489807129,-0.007393562793731689,0.7756355428204051,0.1,0,0,0,0,0,0,0,,
18.19325500000005,1327.098941666666,,-0.17303480225376905,0.5692060575007325,24.14956992736761,1.9486944640843344,1761,47.05970948069891,31.92879739772878,67.82803983626891,0.017840612563086642,0.012099894258924234,-0.11021483540534974,-0.03964699506759643,-0.014522111415863037,-0.017821091413497924,0.004479926824569702,-0.008395349979400635,0.9508080505098736,0.1,0,0,0,0,0,0,0,,
18.745618500000052,1345.5055249999994,,-0.19613266001432675,0.6632850932004135,24.134843436661548,2.3002508262183423,1887,55.51565045875221,38.79510317137531,69.85613555100069,0.01711157915419692,0.011951695039745868,-0.10866372585296631,-0.04055429697036743,-0.012642222642898559,-0.018869775533676147,0.00639994740486145,-0.009094667434692384,1.1543472152276566,0.3,0,0,0,0,0,0,0,,
19.305241750000036,1364.1494833333322,,-0.21957240259447638,0.7634375295592623,24.117790110349517,2.7063313953243266,2012,65.26986519122491,46.285896850788106,70.92239440769339,0.016505438896705346,0.011706134295236325,-0.10679307579994202,-0.04155651330947876,-0.010736161470413208,-0.01987563371658325,0.008287525177001953,-0.01005951762199402,1.3901620414136024,0.15,0,0,0,0,0,0,0,,
19.86824800000004,1382.9132249999996,,-0.2444704539947009,0.8721132096418251,24.099118754223884,3.152108820549244,2135,75.96217293715969,54.692590213860946,71.98233101869164,0.015958409989184286,0.011486226706835646,-0.10507254004478454,-0.04288332462310791,-0.008180522918701172,-0.02096477746963501,0.00982663631439209,-0.010898220539093017,1.661240990610891,0.25,0,0,0,0,0,0,0,,
20.42098150000002,1401.3644583333323,,-0.27021326883567476,0.9869092836393726,24.078489980156483,3.633606285560142,2256,87.4910362045097,63.856849142970745,72.9728199738999,0.015460228675026139,0.011281184264941686,-0.10208486318588257,-0.04331872463226318,-0.0071622967720031735,-0.02182304859161377,0.013178259134292603,-0.012421268224716186,1.961194607746974,0.1,0,0,0,0,0,0,0,,
20.960165750000037,1419.342916666666,,-0.2968006130267922,1.082684478773259,24.057207663776925,4.126861049670658,2369,99.27973263230314,73.67034795648863,74.19572398031303,0.014704976972464937,0.010909896699359631,-0.10108165144920349,-0.04500550627708435,-0.004636698961257934,-0.022763848304748535,0.013321340084075928,-0.01336822509765625,2.283066943418771,0.15,0,0,0,0,0,0,0,,
21.51263775000003,1437.7443499999993,,-0.3244524521971408,1.195233006557372,24.032923259358164,4.697464469848748,2488,112.89246870332502,84.54322586821971,74.89327956564439,0.014142164655923212,0.010591519601945347,-0.09914911389350892,-0.046139580011367795,-0.0023746252059936523,-0.02404109835624695,0.01558142900466919,-0.014479309320449829,2.648797116919135,0.1,0,0,0,0,0,0,0,,
22.06093175000005,1456.0368083333328,,-0.35226355163225687,1.311668610737703,24.007013833427536,5.2967524685076945,2601,127.15786889255102,95.97704926597487,75.47483028647187,0.013671568016167581,0.010318422826124047,-0.09705300331115722,-0.047120308876037596,-0.0004901289939880371,-0.02512943744659424,0.017973393201828003,-0.015555328130722046,3.049684431578545,0.1,0,0,0,0,0,0,0,,
22.596440000000023,1473.893974999999,,-0.3815851473573553,1.428375187534734,23.979072498193254,5.944596408332866,2712,142.5442521847161,108.38704221966324,76.03153589610649,0.013183005502627205,0.010023003284952967,-0.09473928809165955,-0.04855455160140991,0.0018632173538208007,-0.02607077956199646,0.020122218132019042,-0.01700586676597595,3.478078378893504,0.1,0,0,0,0,0,0,0,,
23.139948000000047,1491.9782166666655,,-0.41262460810242835,1.5584889897756198,23.948753243843278,6.648241991336372,2820,159.21513052242278,121.89711242102089,76.56053792269645,0.012788858757690202,0.009791196732375562,-0.09289454221725464,-0.04935421943664551,0.0036720633506774902,-0.02746695876121521,0.023475843667984008,-0.01833203434944153,3.953712260115563,0.1,0,0,0,0,0,0,0,,
23.691832500000054,1510.3855666666661,,-0.44404011763556267,1.683969913819157,23.915889335818797,7.413923276967085,2928,177.30832499787957,136.18444280615213,76.80509896638446,0.012369249472830583,0.009500140470251014,-0.09117733240127564,-0.05099387168884277,0.00648118257522583,-0.028804069757461546,0.02549024224281311,-0.019346636533737183,4.480288391404032,0.15,0,0,0,0,0,0,0,,
24.245843250000043,1528.8576999999993,,-0.47755890246556776,1.808739946514223,23.87976099520896,8.256713340950956,3039,197.16609225344024,151.99890658936422,77.08884330519903,0.011902892514903415,0.009175649543582035,-0.08917277455329894,-0.05244166254997253,0.009208184480667115,-0.02999534010887146,0.02756698727607727,-0.020810407400131226,5.057143533189882,0.1,0,0,0,0,0,0,0,,
24.782847000000043,1546.770633333333,,-0.509901749042054,1.930673963980213,23.84260315345916,9.116988958022818,3144,217.36992983141417,167.88610178412034,77.23211738707282,0.01150326431629539,0.008884071344730186,-0.08696783781051635,-0.05327559113502502,0.010910969972610474,-0.03143407702445984,0.0305137038230896,-0.022426557540893555,5.66083589435141,0.1,0,0,0,0,0,0,0,,
25.344090250000026,1565.432416666666,,-0.5429697689322337,2.0681028005998146,23.802567341214573,10.037193851648905,3251,238.90776746540237,184.90304230031415,77.39869363633485,0.011186507936546564,0.008658296437079934,-0.08376105427742005,-0.05441373586654663,0.01247064471244812,-0.03236348032951355,0.03318679928779602,-0.02399744391441345,6.338503282080332,0.05,0,0,0,0,0,0,0,,
25.90975750000005,1584.2990333333328,,-0.5765465262600445,2.2055671067935014,23.760102438306376,11.013867655725695,3357,261.6871822373004,202.73561207387166,77.46839990816983,0.010881297711196555,0.008429421346403084,-0.08177591562271118,-0.056022357940673825,0.014733988046646117,-0.03428739905357361,0.03659949898719787,-0.02489895820617676,7.066631508031444,0.25,0,0,0,0,0,0,0,,
26.47010525000004,1602.9801249999996,,-0.6061831447043337,2.3489614263542515,23.718698284205782,11.960084961285153,3465,283.6746359968536,219.98800606170443,77.55005963414146,0.010679048394216309,0.00828162968532765,-0.07817308902740479,-0.05745734572410584,0.017250454425811766,-0.03500688076019287,0.037848418951034545,-0.026155459880828857,7.82657471888678,0.1,0,0,0,0,0,0,0,,
27.02390175000005,1621.4324916666658,,-0.634506456253302,2.4697411218544714,23.674314790108347,12.980126568098077,3568,307.2901069481174,237.13119263434547,77.1759886157554,0.010416744661296625,0.00803940318023757,-0.07408252358436584,-0.058532708883285524,0.018436622619628907,-0.03615803718566894,0.03970483541488647,-0.02754259705543518,8.613910913515555,0.2,0,0,0,0,0,0,0,,
27.583841750000044,1640.1122916666657,,-0.6702970052951369,2.6322026510561853,23.625029286646033,14.1335778908924,3668,333.90197410481903,257.4879340230997,77.11344138112892,0.01022421374179221,0.00788419653514739,-0.0732583999633789,-0.05949288606643677,0.0199867844581604,-0.03797955513000488,0.046043026447296145,-0.02909817099571228,9.46886573020889,0.05,0,0,0,0,0,0,0,,
28.146204000000058,1658.8432166666657,,-0.7067566537060821,2.771622683754443,23.575133114694655,15.275083958547029,3762,360.1069643660187,278.43475266259713,77.3186053646104,0.00995629539472498,0.007698011432278816,-0.07164462804794311,-0.061682164669036865,0.023399561643600464,-0.03943487405776978,0.04818466901779175,-0.03009905815124512,10.371295596231937,0.15,0,0,0,0,0,0,0,,
28.713001500000036,1677.7340083333324,,-0.7413685717250658,2.9153173148310514,23.52261116772026,16.495358010925266,3860,388.00808071806114,299.7194270101039,77.24925378604665,0.00972773577914431,0.007514664613383024,-0.06766251921653747,-0.062315070629119874,0.023914003372192384,-0.04096711277961731,0.05181852579116821,-0.03173164129257202,11.32871158589752,0.05,0,0,0,0,0,0,0,,
29.26475750000006,1696.1426166666654,,-0.7748781447660307,3.0590428309504785,23.469219967542973,17.737920817460786,3957,416.29022088182165,321.10410588020613,77.1342201755921,0.00952814704535597,0.007349447992418309,-0.0667680025100708,-0.06362171769142151,0.02552170753479004,-0.04233335852622986,0.05634351372718811,-0.03322060108184814,12.31110220820033,0.05,0,0,0,0,0,0,0,,
29.81876900000004,1714.6101416666666,,-0.7985773230756308,3.136478877234428,23.421807050001558,18.796756685863606,4060,440.250179130569,339.5009094414483,77.11748265731826,0.009239149935240271,0.007125045453436102,-0.06553905010223389,-0.06514224410057068,0.029139667749404907,-0.043000024557113645,0.055182427167892456,-0.033358711004257205,13.315897507832792,0.2,0,0,0,0,0,0,0,,
30.380808750000046,1733.3350583333327,,-0.8332705823980158,3.3024956018636886,23.35970638538509,20.29677874045578,4141,474.1135355209435,361.3384570912253,76.22209723330636,0.00913953487592418,0.006966334549947231,-0.0647064745426178,-0.06724658012390136,0.035966187715530396,-0.04488509297370911,0.059895139932632444,-0.035212188959121704,14.384877980155949,0.2,0,0,0,0,0,0,0,,
30.945597250000056,1752.1497916666667,,-0.8791597322886888,3.5220265570148173,23.285293243274655,22.118170686127403,4211,515.018754612547,387.662495237695,75.27895123539619,0.009085759978115945,0.006839755174687059,-0.060339725017547606,-0.06963504552841186,0.04221827983856201,-0.04668594598770141,0.0592226505279541,-0.03564262390136719,15.585987960120699,0.05,0,0,0,0,0,0,0,,
31.51259925000004,1771.0502416666654,,-0.9001938703939631,3.697505622941378,23.209116609547102,24.001823156261842,4268,557.04583977778,402.3340325818401,72.25709326475736,0.009189635644083895,0.0066392767727700116,-0.06157987117767334,-0.07028744220733643,0.04402115345001221,-0.051788389682769775,0.06843347549438476,-0.03161253929138184,16.891629088161203,0.1,0,0,0,0,0,0,0,,
32.07200125000005,1789.7168333333327,,-0.923024347275277,3.893628720732147,23.1218639971945,26.207874864500145,4315,605.9575306800003,417.1475315688059,68.84904402822444,0.00933411530672414,0.006426282559084841,-0.05680385828018188,-0.0691679835319519,0.04827987551689148,-0.05941727161407471,0.07144865989685059,-0.03001580834388733,18.31854043628751,0.2,0,0,0,0,0,0,0,,
32.626730750000036,1808.2064583333326,,-0.9832551147623156,4.0684932699208325,23.060352362775166,27.632514572563245,4423,637.214630945782,455.46638872379043,71.47292486012056,0.008937495399172043,0.006384836459762791,-0.05227475166320801,-0.07209858894348145,0.04966445565223694,-0.059727662801742555,0.0712510347366333,-0.034073442220687866,19.788001439565605,0.2,0,0,0,0,0,0,0,,
33.178866250000034,1826.6171999999983,,-1.0333988061270578,4.150602037687569,23.01978008437939,28.462924844479385,4525,655.2012717723702,489.69056518670675,74.73755920228282,0.008476493620842039,0.006335075294812703,-0.05339072942733765,-0.07293039560317993,0.05138996839523315,-0.060408872365951535,0.07757129073143006,-0.03824707865715027,21.12802638875981,0.1,0,0,0,0,0,0,0,,
33.74534900000003,1845.4795416666661,,-1.0808762450291554,4.313877005003446,22.94943537450756,30.19568349583618,4597,692.9649508085473,520.3600796779164,75.08931904000352,0.00829139092904084,0.0062258238842254985,-0.047128647565841675,-0.07697561979293824,0.06007900834083557,-0.06087562441825867,0.07038396000862121,-0.03917823433876037,22.5502702070305,0.3,0,0,0,0,0,0,0,,
34.30563350000005,1864.1370749999994,,-1.1155851687645764,4.47730167978481,22.886291743801234,31.697635067354053,4667,725.4329119532505,545.1778639572107,75.15347387690147,0.00821244237650442,0.006171903887711526,-0.0401893675327301,-0.0768453061580658,0.05825870037078858,-0.06200244426727295,0.07496464848518372,-0.04193132519721985,23.97870161381853,0.15,0,0,0,0,0,0,0,,
34.87951300000004,1883.2869583333322,,-1.135256440647271,4.602347345642447,22.837868695151826,32.750942871376594,4716,747.9584708379292,560.5992497450628,74.95294107835647,0.008209629684301098,0.0061532636414279845,-0.03812845349311829,-0.07817857265472412,0.05890619158744812,-0.06258964538574219,0.07736337184906006,-0.041713422536849974,25.3990455834136,0.05,0,0,0,0,0,0,0,,
35.42827175000004,1901.5930416666656,,-1.1448063644876383,4.616066146275407,22.810395836364794,33.1976875841064,4744,757.2524208643446,568.7642623937935,75.10938109771449,0.008116042635206256,0.006095821338363019,-0.043836838006973265,-0.07820872664451599,0.06302449703216553,-0.0628711998462677,0.07789303064346313,-0.04178251624107361,26.63441632006669,0.15,0,0,0,0,0,0,0,,
35.992715500000045,1920.406641666667,,-1.1413393259627762,4.693212441059976,22.800380675511043,33.12891076235212,4746,755.3514379437242,567.2364659311974,75.0971076645556,0.00827377162648548,0.006213419540488287,-0.04577544927597046,-0.0776817262172699,0.06540392637252808,-0.062482410669326784,0.08239984512329102,-0.04190816879272461,27.693075564230924,0.15,0,0,0,0,0,0,0,,
36.55590250000002,1939.1561333333325,,-1.1193694426184868,4.6319137095537055,22.80474192970666,32.6780631157185,4762,745.2144238762439,558.2507684845266,74.91187967747281,0.008297243306345719,0.00621553900594083,-0.044757336378097534,-0.07703667283058166,0.06276872754096985,-0.06179845929145813,0.08071320056915283,-0.041285187005996704,28.507462283636187,0.2,0,0,0,0,0,0,0,,
37.111621000000035,1957.721258333332,,-1.1410721232627037,4.7058530371375955,22.77820415973871,33.18864774910955,4724,755.9773758231756,564.5037862147467,74.67168434553903,0.008336424569033652,0.006224881172041536,-0.04429866671562195,-0.07799257040023803,0.06459429264068603,-0.06294746994972229,0.0820035994052887,-0.04255227446556091,29.240420960265418,0.25,0,0,0,0,0,0,0,,
37.67124700000004,1976.3265249999993,,-1.140940902451074,4.650010156641473,22.768920143321854,33.163040178547796,4729,755.0865081551271,565.0285993855562,74.8297662346535,0.008229678052735688,0.006158240645369113,-0.04587850570678711,-0.07724763751029969,0.05635921955108643,-0.06329305768013001,0.0877890169620514,-0.04170683026313782,29.879835561227587,0.05,0,0,0,0,0,0,0,,
38.23281700000005,1994.6277833333327,,-1.1495883603641803,4.66856000281027,22.752926878040174,33.380349655239094,4704,759.4994477425041,566.3396698252167,74.56752883366613,0.008243338855126112,0.006146848214124178,-0.04849386215209961,-0.07799404859542847,0.0601751983165741,-0.06416253447532654,0.09031286239624023,-0.042564785480499266,30.4283744848494,0.1,0,0,0,0,0,0,0,,
38.77578200000005,2000,,-1.1724383884200482,4.672164872078401,22.729978956853117,33.81156842166231,4679,768.535832021182,574.4759624330142,74.7492150794318,0.008133211243239012,0.006079393328376095,-0.0528439462184906,-0.07868086099624634,0.06255127787590027,-0.06523479819297791,0.08933532238006592,-0.04303016066551209,30.949641323924084,0.15,0,0,0,0,0,0,0,,
39.331459750000036,2000,,-1.1778043787260095,4.643466454546902,22.721298032645073,33.793012034396625,4683,767.8205923397518,577.5321595953776,75.21830599346409,0.008040129719123684,0.006047457058069768,-0.05096575617790222,-0.07917177081108093,0.06365777850151062,-0.06444715857505798,0.08402097225189209,-0.042616802453994754,31.41407326644865,0.2,0,0,0,0,0,0,0,,
39.91629800000004,2000,,-1.1476577578069853,4.560620784656045,22.730130641458683,33.25541828262525,4710,755.8997823055439,566.0397962875659,74.88252876443417,0.008057379898995479,0.00603348044723328,-0.04178057312965393,-0.07850795984268188,0.06304042935371398,-0.06218688488006592,0.0737618088722229,-0.04166167974472046,31.741312426193815,0.15,0,0,0,0,0,0,0,,
40.489814250000045,2000,,-1.1356363353979173,4.572070802118377,22.728451157774067,33.07731309262675,4712,751.7958909168724,560.3286369516134,74.53247634967349,0.008159783793149444,0.0060815417461333445,-0.038271534442901614,-0.07769880890846252,0.06063134670257568,-0.06178787350654602,0.07168037891387939,-0.04259105920791626,31.962267566603053,0.1,0,0,0,0,0,0,0,,
41.04937025000005,2000,,-1.1231556398125435,4.460505724236191,22.738007892660217,32.556927386381595,4742,740.2788843965825,557.7670540296327,75.34565223255314,0.007996887556817173,0.006025296731018875,-0.042780709266662595,-0.07701796293258667,0.05560133457183838,-0.06098593473434448,0.07356454133987426,-0.041507399082183837,32.08279008679622,0.1,0,0,0,0,0,0,0,,
41.60683600000004,2000,,-1.111944830429844,4.383821855408504,22.739136375870526,32.33292678361809,4749,735.2226915724802,552.936685137492,75.20708935660022,0.007928261135482943,0.005962624062617913,-0.04293741583824158,-0.07613537907600403,0.055311673879623414,-0.060640466213226316,0.07199418544769287,-0.04187859296798706,32.1266383162099,0.1,0,0,0,0,0,0,0,,
42.157040250000044,2000,,-1.108807093518615,4.432446720475562,22.73512229759371,32.27473680282164,4742,733.7691003376366,550.5775182432618,75.03473293598867,0.008050476744188842,0.00604054417089849,-0.04634777307510376,-0.07701358795166016,0.06099262833595276,-0.06122294068336487,0.07461708188056945,-0.04111420512199402,32.14168272894075,0.2,0,0,0,0,0,0,0,,
42.72321300000004,2000,,-1.1193428092308824,4.5022238824975975,22.719825820498485,32.553685131044475,4725,739.6137458703049,553.8946421387059,74.88997382655444,0.008128294673804054,0.006087226964289693,-0.046668541431427,-0.0770561158657074,0.060755574703216554,-0.061801403760910034,0.07864485383033752,-0.04125456809997559,32.203168591544305,0.05,0,0,0,0,0,0,0,,
43.26730450000005,1999.2656583333332,,-1.1275796960487423,4.5998536152923375,22.703788544803963,32.85574404220013,4708,745.9496806955193,555.8687017537573,74.51825610753792,0.008275051873758803,0.0061664165531078305,-0.048189616203308104,-0.07736661434173583,0.06628323793411255,-0.062151217460632326,0.07914180159568787,-0.04172840118408203,32.29771833902714,0.1,0,0,0,0,0,0,0,,
43.81164125000004,1985.8228166666681,,-1.122589887643136,4.590747467675257,22.700115910212595,32.77008772201226,4714,743.8847374381642,554.1187047295841,74.49002562281242,0.008284801081186965,0.006171352245130879,-0.046522784233093264,-0.07635557651519775,0.06012856364250183,-0.061651968955993654,0.08265957832336426,-0.042048472166061404,32.37912751697109,0.1,0,0,0,0,0,0,0,,
44.36687575000002,1967.3034333333349,,-1.118338259412449,4.606303902034204,22.699860756880824,32.593867443428266,4717,739.875868768856,552.417946584743,74.66416693285106,0.008338484099851174,0.006225770247667067,-0.045373457670211795,-0.07731567025184631,0.06566182374954224,-0.06134142279624939,0.07674277424812317,-0.04153274893760681,32.41320501732897,0.1,0,0,0,0,0,0,0,,
44.90917600000006,1949.1926833333353,,-1.1254744175934872,4.5828129653991505,22.68863690393838,32.77128082954993,4708,743.5356124875168,554.8460242904382,74.62290636454773,0.008259595288355476,0.006163484971672713,-0.041835010051727295,-0.07705058455467224,0.06369509100914002,-0.06134557127952576,0.07199557423591614,-0.042247170209884645,32.469242724416475,0.1,0,0,0,0,0,0,0,,
45.45663050000004,1930.9972583333347,,-1.1225994885533042,4.5111185051799705,22.682031075934923,32.7988519165811,4699,743.9443690650717,552.46184654877,74.26121822799402,0.008165513686091499,0.006063816265032386,-0.042078548669815065,-0.0774166762828827,0.0616092324256897,-0.06133528351783753,0.07168145775794983,-0.042094719409942624,32.51477294314898,0.2,0,0,0,0,0,0,0,,
46.02283350000003,1912.137075000002,,-1.1253920722575042,4.512946690588846,22.677590150348767,32.75180437971062,4707,742.7315553719818,554.7446842944826,74.69059146061197,0.00813512229667639,0.006076135834960979,-0.042829519510269164,-0.07650761604309082,0.05865028500556946,-0.06085533499717712,0.07481610774993896,-0.04262295365333557,32.56386331118466,0.15,0,0,0,0,0,0,0,,
46.58796675000004,1893.2846000000015,,-1.109453345961502,4.444535585983774,22.68284257132475,32.43284733162601,4719,735.6691424680686,548.2938617585762,74.53013126058202,0.008106129950077893,0.0060415100495674594,-0.04540969729423523,-0.07653882503509521,0.06036723256111145,-0.06034650802612305,0.07356162071228027,-0.041616791486740114,32.54816895257953,0.2,0,0,0,0,0,0,0,,
47.14953575000005,1874.5857416666684,,-1.0955899883219347,4.442044060686314,22.69811310532203,31.811455159694056,4712,722.0575753813364,540.5854924191183,74.86701384061863,0.008217559785498008,0.006152211119357229,-0.045846813917160036,-0.07592911124229432,0.05996304154396057,-0.059535872936248777,0.07336592078208923,-0.040873533487319945,32.459633169093465,0.15,0,0,0,0,0,0,0,,
47.70717900000007,1855.950591666668,,-1.0829616813540985,4.415695473650651,22.719752989031186,31.0193704486375,4652,704.7494281462957,527.6302651416264,74.86979365009688,0.008368988356920716,0.006265865078953889,-0.04181280732154846,-0.07409549355506898,0.05167396068572998,-0.05954320430755615,0.07443051338195801,-0.04098603129386902,32.25541755949992,0,0,0,0,0,0,0,0,,
48.26363575000004,1837.451183333335,,-1.042653323225729,4.235854754184134,22.768016090285062,29.442256332590137,4595,670.3347509141461,501.7493038182635,74.8484905431392,0.008443312381569068,0.006319604535868927,-0.0422684907913208,-0.07292375564575196,0.04962896704673767,-0.05748112797737122,0.0666162610054016,-0.0386516273021698,31.859619996360493,0.1,0,0,0,0,0,0,0,,
48.823087250000036,1818.7581666666683,,-1.0079974563973657,4.165613647610532,22.817911138119033,27.87516813776678,4509,636.0472659992138,476.00382758736225,74.83806343042193,0.008753022620606996,0.006550602778186333,-0.047950679063797,-0.07369496822357177,0.06369063258171082,-0.055598330497741696,0.05703184604644775,-0.03605479598045349,31.26660288582969,0.05,0,0,0,0,0,0,0,,
49.375903250000015,1800.3440333333351,,-0.9770159938553429,4.131968238149549,22.861125872643548,26.534938126385963,4415,606.6150307761642,451.742329563628,74.4648914740599,0.009148290942780269,0.006811910373386064,-0.05229102373123169,-0.07259573936462402,0.06059401035308838,-0.05472826957702637,0.060701942443847655,-0.034083759784698485,30.549748644630046,0,0,0,0,0,0,0,0,,
49.93361925000005,1781.7513833333348,,-0.9371528616910227,3.90571886040145,22.90473599255509,25.210730797320736,4329,577.4391448498037,424.8511133135095,73.57089480665843,0.009192915183932036,0.0067633325408967895,-0.055144321918487546,-0.07006769776344299,0.05037330985069275,-0.053912729024887085,0.05880254507064819,-0.0321712851524353,29.738958865289067,0.15,0,0,0,0,0,0,0,,
50.496059000000066,1763.044683333335,,-0.893507419868962,3.7144604157032277,22.952210148532295,23.791451440678475,4238,546.0597396874033,396.5777960863181,72.62314021120675,0.009367694937016741,0.006803019287216839,-0.05792596936225891,-0.062757807970047,0.03895274996757507,-0.05404895544052124,0.06448081135749817,-0.0339029848575592,28.82105982535798,0.3,0,0,0,0,0,0,0,,
51.07065475000004,1743.871683333335,,-0.8648451222392313,3.5978249384659735,23.00407931237289,22.27567924301219,4155,512.4241533605575,376.33564114059124,73.45579712359051,0.009560375192989424,0.0070227606884578535,-0.06263415217399597,-0.06667820811271667,0.04494922161102295,-0.0508553683757782,0.05762513279914856,-0.030642539262771606,27.793302055085142,0.15,0,0,0,0,0,0,0,,
51.62246525000006,1725.4691916666684,,-0.8307002569151163,3.4575079567201294,23.062008736495443,20.616219189545706,4084,475.4447237674179,355.32113691863117,74.73874428334315,0.009732312018722898,0.007273998321399283,-0.06361123323440551,-0.06473325490951538,0.042923539876937866,-0.04952335953712463,0.053065091371536255,-0.02904672622680664,26.701538469874087,0.2,0,0,0,0,0,0,0,,
52.18561375000004,1706.6877083333354,,-0.7991608251505561,3.3405860406732004,23.11030326978814,19.266808273442646,3995,445.25860595041314,334.3453763281043,75.09025252714822,0.009992102727947002,0.007503091921950608,-0.06450009346008301,-0.06492615938186645,0.04358648657798767,-0.0476479172706604,0.0466406524181366,-0.027623307704925538,25.533666446425634,0.1,0,0,0,0,0,0,0,,
52.747214250000034,1687.999575000002,,-0.7740931845149953,3.2111499596471527,23.15521763182837,18.033054827879756,3900,417.5505923660652,316.1555411413692,75.72731384003787,0.01015814932602707,0.007692623851996645,-0.06711726188659668,-0.06224045753479004,0.03715619444847107,-0.04621275067329407,0.04796831607818604,-0.027845191955566406,24.369218105083853,0.1,0,0,0,0,0,0,0,,
53.31315825000006,1669.1159416666687,,-0.7284916468968239,3.0299976439868974,23.211637672166738,16.48361635937008,3814,382.60671520388416,290.97847194263284,76.05476012863075,0.01041361519043257,0.007920062365336438,-0.07081559896469117,-0.060076677799224855,0.031206434965133666,-0.04509041905403137,0.04699471592903137,-0.02587171196937561,23.13165078262904,0.15,0,0,0,0,0,0,0,,
53.879543250000054,1650.2375416666691,,-0.6944746488492057,2.84102331109552,23.258756048246923,15.241607554282126,3720,354.4967939030148,270.54423016400744,76.31680263493362,0.010502810476928208,0.008015359015627197,-0.07512013912200928,-0.05903825759887695,0.02856749892234802,-0.04374893307685852,0.0449865460395813,-0.024656403064727783,21.883545070039965,0.1,0,0,0,0,0,0,0,,
54.437995000000036,1631.6128250000015,,-0.6707119697726043,2.7638684829964486,23.297847460142616,14.224590444399166,3615,331.3981543075679,253.95322906610187,76.63392102016883,0.010886791246471968,0.008343211226552329,-0.07336655855178834,-0.05787355899810791,0.026756483316421508,-0.0418948769569397,0.042214995622634886,-0.024337100982666015,20.68477937940551,0.1,0,0,0,0,0,0,0,,
55.00045000000004,1612.8967416666683,,-0.6242175221545985,2.612471826638128,23.347989610763605,12.910387220508829,3533,301.42675769651566,230.95349704541619,76.6139345787982,0.011315326365999218,0.008668789781582125,-0.07798821926116943,-0.05663841962814331,0.02651960253715515,-0.039986717700958255,0.03702952265739441,-0.02156982421875,19.46816932392053,0.1,0,0,0,0,0,0,0,,
55.57086275000006,1593.854658333335,,-0.5927124651626986,2.4764156959778005,23.389417897709244,11.862872651121604,3428,277.46241531271494,212.8265488744622,76.70611282757551,0.011637464098553213,0.008926631842474672,-0.07538646459579468,-0.05573403835296631,0.024359166622161865,-0.038356274366378784,0.02974674105644226,-0.020957398414611816,18.252420418272656,0.2,0,0,0,0,0,0,0,,
56.13207025000006,1575.1518500000022,,-0.5654421342780769,2.3347201763014973,23.425565623787254,10.973415334675876,3316,257.05608153535456,196.39441790580685,76.40225455581187,0.011889404363899165,0.009083799620992043,-0.07772536277770996,-0.0533258855342865,0.017068296670913696,-0.03777567148208618,0.0321011483669281,-0.02039281725883484,17.102757729394185,0.25,0,0,0,0,0,0,0,,
56.70301350000004,1556.1616916666685,,-0.5358686473935039,2.2018790740196272,23.463957953879692,10.024096244089426,3213,235.20149144466535,180.33386773378905,76.67682727309908,0.012212587059863878,0.009364367977828112,-0.08319421410560608,-0.05221326351165771,0.01289486289024353,-0.03579918146133423,0.03491631746292114,-0.019919872283935547,15.975388198773095,0.15,0,0,0,0,0,0,0,,
57.27530675000006,1537.0318416666682,,-0.49886584522364996,2.059654103563108,23.504976665783445,9.008210061322943,3114,211.73414297620837,162.7340985687314,76.85113966248252,0.01266365511013955,0.009731746822715688,-0.08538270592689515,-0.0502343475818634,0.00956587791442871,-0.03510858416557312,0.032136207818984984,-0.01745302081108093,14.862980955611269,0.05,0,0,0,0,0,0,0,,
57.83725100000007,1518.329175000002,,-0.46606421705359385,1.9061244923847944,23.540586813023154,8.157689930051422,3002,192.03450481069444,146.56505930445172,76.32290647131812,0.013004777583862778,0.009925590711610548,-0.08555790185928344,-0.04947009086608887,0.005905026197433471,-0.0334639310836792,0.027077031135559083,-0.01659662127494812,13.803028311230923,0.15,0,0,0,0,0,0,0,,
58.408030750000044,1499.283866666669,,-0.427664921631123,1.7339801043450702,23.577793882672303,7.268428468966645,2904,171.37070857015132,130.07024221476945,75.89319011904101,0.013339868942647545,0.010123553288379548,-0.08529717326164246,-0.047751450538635255,0.002981281280517578,-0.03163703680038452,0.021264880895614624,-0.014972734451293945,12.76129517098136,0.1,0,0,0,0,0,0,0,,
58.951351000000045,1481.1262583333353,,-0.38727163636671147,1.6040390291666955,23.615449968994252,6.363124091840018,2802,150.2652637446385,113.67222931856934,75.63889139162725,0.014121816243557638,0.010680967700335357,-0.0900443434715271,-0.04617217779159546,0.002055114507675171,-0.02972545623779297,0.01971619725227356,-0.01351270079612732,11.784215885560588,0.05,0,0,0,0,0,0,0,,
59.48714550000003,1463.2895916666687,,-0.35894129918185425,1.4714194181851403,23.644252412273513,5.717611578907365,2693,135.18747923995898,101.24368871617028,74.89105076594198,0.014533487438601963,0.01088421936150069,-0.0941152036190033,-0.045212012529373166,-0.00034714341163635256,-0.029488813877105714,0.0187721848487854,-0.012157738208770752,10.859036286309088,0.15,0,0,0,0,0,0,0,,
60.04597925000004,1444.6847250000021,,-0.33166250810702536,1.3280171143325492,23.673268971280947,5.0643778359021585,2581,119.88893440823139,89.66639917547045,74.78567959015945,0.014815432979507251,0.01107955870318988,-0.09790838360786439,-0.04419921040534973,-0.0007184922695159912,-0.028232741355895995,0.01541159749031067,-0.010712540149688721,9.948017878287818,0.1,0,0,0,0,0,0,0,,
60.61950325000004,1425.5949500000022,,-0.30157909157747204,1.2192777388632763,23.70184313821029,4.436862607541967,2464,105.16067665745197,77.84490495275125,74.0151981136732,0.01567069945303637,0.011598039818350373,-0.09849616885185242,-0.04303750991821289,-0.0018308639526367187,-0.026791763305664063,0.011759024858474732,-0.00983114242553711,9.059397620088031,0.05,0,0,0,0,0,0,0,,
61.185182750000024,1406.7132583333348,,-0.27487185762113164,1.0975042092403426,23.72733480133609,3.88955447203156,2344,92.2876635565598,67.50075672667231,73.136160793039,0.016265681345781283,0.01189575936014339,-0.10107550024986267,-0.04195659160614014,-0.00461156964302063,-0.025838476419448853,0.010161644220352173,-0.00865129828453064,8.23552460189418,0,0,0,0,0,0,0,0,,
61.81765650000002,1385.6329166666685,,-0.24877581570547408,0.9966582417017653,23.75272690624958,3.363787540047819,2211,79.89832610668964,57.62368363501133,72.11405315863817,0.01730888985085944,0.012481355039751256,-0.1033788800239563,-0.04085320234298706,-0.0066549420356750485,-0.02503739595413208,0.008713561296463012,-0.007739835977554321,7.3777377645499715,0,0,0,0,0,0,0,0,,
62.37926450000005,1366.8820250000017,,-0.22505126437312928,0.8781685442365535,23.775175520677877,2.901316870574194,2093,68.97828856058274,49.345079129116485,71.53398259308204,0.01781032933088957,0.012740056723698226,-0.10653017163276672,-0.039496487379074095,-0.009033077955245971,-0.023897385597229003,0.008032375574111938,-0.006702977418899536,6.668963827009927,0.05,0,0,0,0,0,0,0,,
62.930226500000025,1348.5357083333354,,-0.19601304820427926,0.7611535822959501,23.797044161587554,2.441915898769595,1977,58.10976235899513,40.60129503086536,69.84804064018019,0.018763502573361845,0.013104178650017631,-0.10892595052719116,-0.03819723725318909,-0.01125825047492981,-0.02290891408920288,0.007004064321517944,-0.005684399604797363,6.010055069392435,0.15,0,0,0,0,0,0,0,,
63.48707675000004,1329.9792500000017,,-0.173027535778129,0.6989574740342709,23.815849951023978,2.074843200663397,1855,49.41359217298995,33.62924333905737,68.04341573927648,0.020811260063158706,0.014159054867440013,-0.10953787565231324,-0.03732384443283081,-0.012861144542694092,-0.021859586238861084,0.006073564291000366,-0.004950976371765137,5.3898530698999965,0.1,0,0,0,0,0,0,0,,
64.03429050000004,1311.7089333333354,,-0.146905702621568,0.6172744963637229,23.834777043169513,1.6974541372735676,1740,40.45788607874649,26.801591507869375,66.19597144041856,0.02308889326562117,0.015277151769720956,-0.11163275241851807,-0.036254328489303586,-0.01474255919456482,-0.021060371398925783,0.005321967601776123,-0.0034753918647766114,4.818245384810207,0.2,0,0,0,0,0,0,0,,
64.59403425000006,1293.098491666669,,-0.12051564314299097,0.5273217076172945,23.851719480400376,1.3810716065716413,1616,32.9405336294103,20.426179908633056,61.94643933823975,0.025880058603206225,0.016023171445554436,-0.112931227684021,-0.0352722704410553,-0.0161742627620697,-0.01987982392311096,0.0032984375953674316,-0.0025988876819610595,4.273664760212011,0.05,0,0,0,0,0,0,0,,
65.15764800000004,1274.2893250000016,,-0.10049844182681944,0.4427531387161167,23.865931306326527,1.139002545626314,1495,27.182983775671488,15.754611183130331,57.87888437310384,0.028188906074981236,0.016303013012905505,-0.11424578428268432,-0.03436197638511658,-0.01846393346786499,-0.01917731761932373,0.002107805013656616,-0.0019324004650115966,3.772548137963098,0.1,0,0,0,0,0,0,0,,
65.70764950000003,1255.971500000002,,-0.07826885454733146,0.3460570518955234,23.880078908699033,0.8863101858731272,1373,21.164930327989254,11.275151525787027,53.17025393312402,0.0307910595503586,0.016354847425591623,-0.11528751254081726,-0.033583146333694455,-0.02025134563446045,-0.01816524863243103,0.00005346536636352539,-0.0010106325149536132,3.3216065521470535,0.15,0,0,0,0,0,0,0,,
66.27254025000006,1237.1312333333358,,-0.06283874007710011,0.28863030278176377,23.890784393596487,0.7331988410806506,1247,17.51654952088823,8.225501653674812,46.86888948579953,0.03525410423630438,0.01649255326444391,-0.11613962054252625,-0.03287208080291748,-0.020624715089797973,-0.017728900909423827,-0.001466161012649536,-0.0007303118705749512,2.9048504549768066,0.15,0,0,0,0,0,0,0,,
66.83032625000003,1218.5244833333352,,-0.046037504028404654,0.22706758970267943,23.901637545680476,0.5655723947582112,1122,13.51799133736364,5.427153570095036,39.98895911672684,0.042060549819689465,0.016780590138984426,-0.11685242652893066,-0.032320058345794676,-0.021657633781433105,-0.01680135726928711,-0.0037142276763916016,0.00003663897514343262,2.533777773136868,0.15,0,0,0,0,0,0,0,,
67.37605550000004,1200.358850000002,,-0.03319793218437892,0.17439969324549326,23.9104813318365,0.44672600128378165,1004,10.681360887338826,3.503794123501387,32.644751479085315,0.050301670361691794,0.016330819928745202,-0.11816952228546143,-0.0318501353263855,-0.02200090289115906,-0.01645572781562805,-0.003502768278121948,0.0005596518516540527,2.2083362177824495,0.2,0,0,0,0,0,0,0,,
67.95189550000005,1181.1713666666687,,-0.023638817625455232,0.13199871505862273,23.91826009517324,0.3649562858974796,883,8.729059010652605,2.1966534109732843,24.982039283178636,0.060864668624029686,0.015089811695935896,-0.11898014545440674,-0.03146763443946839,-0.02321862578392029,-0.016216129064559937,-0.004110014438629151,0.0010679185390472413,1.906047926662616,0.15,0,0,0,0,0,0,0,,
68.52099425000003,1162.1945333333351,,-0.013531561585473834,0.08936751213585878,23.92553786251859,0.2889585229333055,768,6.913451251116262,1.09745064121932,15.69713947391168,0.06819092805594508,0.012887337491322213,-0.11959527134895324,-0.031123489141464233,-0.023974257707595825,-0.01567162275314331,-0.004976701736450195,0.0014109671115875243,1.643325248085502,0.15,0,0,0,0,0,0,0,,
69.08998750000008,1143.2244583333354,,-0.004273230099071215,0.05464438014385431,23.931866629860078,0.2310251386867562,659,5.5288355627297285,0.3028522227771594,5.2817887676151765,0,0.009815657435267678,-0.12045870423316955,-0.030720067024230958,-0.024477696418762206,-0.015340191125869752,-0.005433344841003418,0.0017270505428314208,1.4139122613594437,0,0,0,0,0,0,0,0,,
69.64697500000005,1124.6452750000024,,0.0039575768243853586,0.026090730365691428,23.937461651721314,0.1868237534268158,553,4.472066848277395,0.22055945670303512,5.1693579160768355,0.0245998772021458,0.005736888594511202,-0.12109582424163819,-0.030339533090591432,-0.025050038099288942,-0.015000158548355102,-0.005733013153076172,0.002062523365020752,1.2182695657873523,0.05,0,0,0,0,0,0,0,,
70.20815950000005,1105.9358250000018,,0.018344936683092707,-0.00011176176210490052,23.943228824395288,0.1360351673004221,428,3.2571090187978995,0.807525281876081,25.091295656383487,0.00804436098560329,0.001804481343370873,-0.12141189575195313,-0.029765743017196655,-0.025591516494750978,-0.01436503529548645,-0.006214463710784912,0.002703303098678589,1.044745369992553,0.15,0,0,0,0,0,0,0,,
70.74908850000006,1087.8855416666684,,0.020957884001311405,-0.017912230349783065,23.947264622397462,0.12218435735473501,300,2.9259797154580243,0.6597906911971038,22.519798437731893,0.028353085921983955,0.006133642802494501,-0.12159450054168701,-0.029834407567977905,-0.02590770125389099,-0.014484935998916626,-0.006420820951461792,0.002626675367355347,0.9006061928746434,0.15,0,0,0,0,0,0,0,,
71.33736775000006,1068.333191666668,,0.0182922355674468,-0.025791172059490684,23.951272567558146,0.11724152770520217,141,2.8080841665406715,0.27095476173694333,9.644053336726746,4.5201484629293525,0.009183236060050063,-0.12176207900047302,-0.029973942041397094,-0.026025789976119994,-0.014597612619400024,-0.006464719772338867,0.002496623992919922,0.7687281753162123,0.1,0,0,0,0,0,0,0,,
71.90026250000008,1049.5364500000019,,0.014280990482644331,-0.02841934998444511,23.95476363397965,0.11804507559818189,21,2.8277427704158966,0.03452510365263953,1.2255809401805646,11580894078.967993,0.010051386970857806,-0.12178232073783875,-0.030233871936798096,-0.026054292917251587,-0.01483142375946045,-0.00646216869354248,0.0022760510444641115,0.6631356066033266,0,0,0,0,0,0,0,0,,
72.44900525000003,1031.2425083333346,,0.0035385492473420125,-0.02868641563421124,23.95804316186656,0.11976597137186681,0,2.8693589192735045,1.587748299747808e-15,5.550400919360692e-14,6.795733010015138e+24,0.009997521009087327,-0.12178422212600708,-0.030620425939559937,-0.026089829206466675,-0.0151883065700531,-0.006464999914169311,0.0019110620021820068,0.5769928568680863,0,0,0,0,0,0,0,0,,
73.01317175000004,1012.4618916666686,,0.001981172867303896,-0.029340178805800886,23.961257484553038,0.11815843158012596,0,2.8312234487730974,2.9359655561251488e-30,1.0179516810004152e-28,2.395273463096517e+39,0.010364953967071018,-0.12180895805358886,-0.030649077892303467,-0.026082605123519897,-0.015171581506729126,-0.00645759105682373,0.0019376695156097413,0.5026925424554154,0,0,0,0,0,0,0,0,,
73.58518425000004,1000.2208750000003,,0.0019562920756853092,-0.029516176956083152,23.964756446482028,0.10849044555982426,0,2.5999402734020447,8.489616286822814e-45,3.0284791265558277e-43,2.1298758550546105e+42,0.002085350763516455,-0.12180901765823364,-0.030645638704299927,-0.026077938079833985,-0.015152984857559204,-0.00647130012512207,0.0019274771213531495,0.43839463319783095,0,0,0,0,0,0,0,0,,
74.15976825000004,1000,,0.0023317615467230825,-0.029786031214256648,23.96814867500657,0.10190213210234784,0,2.442405354497015,0,0,0,0,-0.12183000445365906,-0.0306272029876709,-0.026081222295761108,-0.015120899677276612,-0.006452518701553345,0.0019448399543762207,0.3827369770209491,0,0,0,0,0,0,0,0,,
74.71931225000004,1000,,0.002472572698588346,-0.029986339386447746,23.971074702132565,0.10066434104487901,0,2.4130327358417127,0,0,0,0,-0.12182956337928771,-0.03064461350440979,-0.02608676552772522,-0.015129727125167847,-0.006477570533752442,0.001963776350021362,0.3373092251083138,0,0,0,0,0,0,0,0,,
75.27953150000005,1000,,0.0024445018404705364,-0.030488509653795303,23.97391233664903,0.10081999932627166,0,2.417050457905532,0,0,0,0,-0.12184182405471802,-0.030639827251434326,-0.026087236404418946,-0.015115028619766236,-0.006488710641860962,0.0019324779510498046,0.29907636857083414,0,0,0,0,0,0,0,0,,
75.84257975000003,1000,,0.00245949205926842,-0.03075361749484675,23.976660090323257,0.10439889354510919,0,2.5031370712174836,0,0,0,0,-0.12184736132621765,-0.030660104751586915,-0.026073217391967773,-0.015090680122375489,-0.0064935505390167235,0.0019454717636108398,0.2674538044790019,0,0,0,0,0,0,0,0,,
76.41395500000004,1000,,0.002504574546861979,-0.030931604251886347,23.979487224257316,0.10348179090475502,0,2.4814401137688167,0,0,0,0,-0.12189058661460876,-0.03068457841873169,-0.026067179441452027,-0.015071094036102295,-0.006492036581039429,0.0019535958766937257,0.24054422355600952,0,0,0,0,0,0,0,0,,
76.97912425000003,1000,,0.0024907513056000195,-0.031339088056062045,23.982217463516285,0.10356579474684025,0,2.483737864624395,0,0,0,0,-0.12189235091209412,-0.0307009220123291,-0.026088416576385498,-0.015039265155792236,-0.0064850389957427975,0.001936805248260498,0.21829011526305248,0,0,0,0,0,0,0,0,,
77.56206650000006,1000,,0.0028353317346600736,-0.03176767645218048,23.984886627014518,0.10373551991084506,0,2.488084902943079,0,0,0,0,-0.12188604474067688,-0.030723583698272706,-0.026102375984191895,-0.01502721905708313,-0.006499373912811279,0.0019806444644927977,0.19910267240138188,0,0,0,0,0,0,0,0,,
